{"cameraMode":{"drawMode":0,"name":"Shaded","section":"Shading Mode"},"sceneLighting":true,"audioPlay":false,"sceneViewState":{"m_AlwaysRefresh":false,"showFog":true,"showSkybox":true,"showFlares":true,"showImageEffects":true,"showParticleSystems":true,"showVisualEffectGraphs":true,"m_FxEnabled":true},"in2DMode":false,"pivot":{"x":20.127452850341798,"y":2.5970849990844728,"z":3.0696704387664797},"rotation":{"x":0.022524993866682054,"y":0.9725783467292786,"z":-0.20547960698604585,"w":0.10662500560283661},"size":1.1494512557983399,"orthographic":false}