{"cameraMode":{"drawMode":0,"name":"Shaded","section":"Shading Mode"},"sceneLighting":true,"audioPlay":false,"sceneViewState":{"m_AlwaysRefresh":false,"showFog":true,"showSkybox":true,"showFlares":true,"showImageEffects":true,"showParticleSystems":true,"showVisualEffectGraphs":true,"m_FxEnabled":true},"in2DMode":false,"pivot":{"x":0.38166743516921999,"y":1.814564824104309,"z":0.9189543724060059},"rotation":{"x":0.07828574627637863,"y":0.9208333492279053,"z":-0.2483285814523697,"w":0.2902999520301819},"size":0.9685590863227844,"orthographic":false}