{"cameraMode":{"drawMode":0,"name":"Shaded","section":"Shading Mode"},"sceneLighting":true,"audioPlay":false,"sceneViewState":{"m_AlwaysRefresh":false,"showFog":true,"showSkybox":true,"showFlares":true,"showImageEffects":true,"showParticleSystems":true,"showVisualEffectGraphs":true,"m_FxEnabled":true},"in2DMode":false,"pivot":{"x":-10.92441463470459,"y":7.665473461151123,"z":14.476724624633789},"rotation":{"x":0.14656950533390046,"y":0.8519742488861084,"z":-0.32742661237716677,"w":0.38138365745544436},"size":0.9722304344177246,"orthographic":false}