{"cameraMode":{"drawMode":0,"name":"Shaded","section":"Shading Mode"},"sceneLighting":true,"audioPlay":false,"sceneViewState":{"m_AlwaysRefresh":false,"showFog":true,"showSkybox":true,"showFlares":true,"showImageEffects":true,"showParticleSystems":true,"showVisualEffectGraphs":true,"m_FxEnabled":true},"in2DMode":false,"pivot":{"x":-0.6304745674133301,"y":0.8371283411979675,"z":-0.23512166738510133},"rotation":{"x":0.07828574627637863,"y":0.9208333492279053,"z":-0.2483285814523697,"w":0.2902999520301819},"size":0.8660253882408142,"orthographic":false}