{"cameraMode":{"drawMode":0,"name":"Shaded","section":"Shading Mode"},"sceneLighting":true,"audioPlay":false,"sceneViewState":{"m_AlwaysRefresh":false,"showFog":true,"showSkybox":true,"showFlares":true,"showImageEffects":true,"showParticleSystems":true,"showVisualEffectGraphs":true,"m_FxEnabled":true},"in2DMode":false,"pivot":{"x":4.953248023986816,"y":-14.978781700134278,"z":48.998111724853519},"rotation":{"x":0.19995343685150147,"y":-0.001161656342446804,"z":0.000231901605729945,"w":0.9798039793968201},"size":36.4389533996582,"orthographic":false}