{"playerLocation":{"x":197.91290283203126,"y":1.0799999237060547,"z":-445.3074645996094},"isPeanutButterShottyUnlocked":false,"isCaneStrikerUnlocked":false,"comingFromSave":false}