{"exampleVariable":0.0,"playerLocation":{"x":-29.11419105529785,"y":1.0799999237060547,"z":-63.1241340637207}}