{"playerLocation":{"x":-207.1489715576172,"y":1.0799999237060547,"z":-108.79698181152344},"isPeanutButterShottyUnlocked":false,"isCaneStrikerUnlocked":false,"comingFromSave":false}