{"exampleVariable":0.0,"playerLocation":{"x":-7.407482147216797,"y":1.0799999237060547,"z":-76.33098602294922}}