{"playerLocation":{"x":1.3584438562393189,"y":1.0799999237060547,"z":-82.6888427734375},"isPeanutButterShottyUnlocked":false,"isCaneStrikerUnlocked":false,"comingFromSave":false}